Origin,Sample_Name,Compartment,System,InfectionStatus,AnimalSpecies,WormSex,Sequencing,Pooled_worms,Number_of_worms,Extraction_date,DNA_concentration,P_260_280,P_260_230,Plate_number,Plate_position,Barcode_name,Barcode_Seq,Barcode_well,Barcode_Plate
Experiment_2,intest.cont. P3-jej-2,Jejunum,Pig12,Infected,Pig,NA,TRUE,,,,,,,1,A1,FLD0001,GTATCGTCGT,A1,A1
Experiment_2,worm intest. P3-Asmale-1,Ascaris,Pig12,Worm,Ascaris,Male,TRUE,,,,,,,1,B1,FLD0002,GTGTATGCGT,B1,A1
Slaughterhouse,Asmale-5,Ascaris,SH,Worm,Ascaris,Male,TRUE,,,,,,,1,C1,FLD0003,TGCTCGTAGT,C1,A1
Experiment_2,intest.cont. P5-cec-2,Cecum,Pig14,Infected,Pig,NA,TRUE,,,,,,,1,D1,FLD0004,GTCGTCGTCT,D1,A1
Experiment_2,intest.cont. P1-ile-1,Ileum,Pig10,Infected,Pig,NA,TRUE,,,,,,,1,E1,FLD0005,GTGCGTGTGT,E1,A1
Experiment_2,intest.cont. P1-cec-2,Cecum,Pig10,Infected,Pig,NA,TRUE,,,,,,,1,F1,FLD0006,GCGTCGTGTA,F1,A1
Experiment_1,intest.cont. 1-cec-2,Cecum,Pig1,Infected,Pig,NA,TRUE,,,,,,,1,G1,FLD0007,GTCGTGTACT,G1,A1
Experiment_1,intest.cont. 7-cec-epi,Cecum,Pig7,Non_infected,Pig,NA,TRUE,,,,,,,1,H1,FLD0008,GATGTAGCGT,H1,A1
Experiment_1,intest.cont. 8-jej-2,Jejunum,Pig8,Non_infected,Pig,NA,TRUE,,,,,,,1,A2,FLD0009,GAGTGATCGT,A2,A1
Experiment_2,worm intest. P3-Asmale-2,Ascaris,Pig12,Worm,Ascaris,Male,TRUE,,,,,,,1,B2,FLD0010,CGCTATCAGT,B2,A1
Control,NTC_1,Elution_buffer,Negative,NA,NA,NA,TRUE,,,,,,,1,C2,FLD0011,CGCTGTAGTC,C2,A1
Experiment_1,intest.cont. 6-col-2,Colon,Pig6,Non_infected,Pig,NA,TRUE,,,,,,,1,D2,FLD0012,GCTAGTGAGT,D2,A1
Experiment_2,intest.cont. P5-col-2,Colon,Pig14,Infected,Pig,NA,TRUE,,,,,,,1,E2,FLD0013,GAGCTAGTGA,E2,A1
Experiment_1,intest.cont. 2-cec-3,Cecum,Pig2,Infected,Pig,NA,TRUE,,,,,,,1,F2,FLD0014,CGTGCTGTCA,F2,A1
Slaughterhouse,Asmale-9,Ascaris,SH,Worm,Ascaris,Male,TRUE,,,,,,,1,G2,FLD0015,GATCGTCTCT,G2,A1
Experiment_1,intest.cont. 5-Ile-epi,Ileum,Pig5,Infected,Pig,NA,TRUE,,,,,,,1,H2,FLD0016,GTGCTGTCGT,H2,A1
Experiment_1,intest.cont. 9-cec-2,Cecum,Pig9,Non_infected,Pig,NA,TRUE,,,,,,,1,A3,FLD0017,TGAGCGTGCT,A3,A1
Experiment_2,intest.cont. P3-Duo-2,Duodenum,Pig12,Infected,Pig,NA,TRUE,,,,,,,1,B3,FLD0018,CATGTCGTCA,B3,A1
Experiment_2,worm intest. P5-Asfemale-3,Ascaris,Pig14,Worm,Ascaris,Female,TRUE,,,,,,,1,C3,FLD0019,TCAGTGTCTC,C3,A1
Experiment_1,intest.cont. 7-ile-1,Ileum,Pig7,Non_infected,Pig,NA,TRUE,,,,,,,1,D3,FLD0020,GTGCTCATGT,D3,A1
Experiment_2,intest.cont. P5-col-1,Colon,Pig14,Infected,Pig,NA,TRUE,,,,,,,1,E3,FLD0021,CGTATCTCGA,E3,A1
Experiment_2,worm intest. P2-Asfemale-3,Ascaris,Pig11,Worm,Ascaris,Female,TRUE,,,,,,,1,F3,FLD0022,GTCATGCGTC,F3,A1
Experiment_2,intest.cont. P2-jej-2,Jejunum,Pig11,Infected,Pig,NA,TRUE,,,,,,,1,G3,FLD0023,CTATGCGATC,G3,A1
Slaughterhouse,Asfem-7,Ascaris,SH,Worm,Ascaris,Female,TRUE,,,,,,,1,H3,FLD0024,TGCTATGCTG,H3,A1
Control,Extraction_2,Water,Negative,NA,NA,NA,TRUE,,,,,,,1,A4,FLD0025,TGTGTGCATG,A4,A1
Experiment_1,intest.cont. 1-Duo-1,Duodenum,Pig1,Infected,Pig,NA,TRUE,,,,,,,1,B4,FLD0026,GAGTGTCACT,B4,A1
Experiment_1,intest.cont. 2-duo-2,Duodenum,Pig2,Infected,Pig,NA,TRUE,,,,,,,1,C4,FLD0027,CTAGTCTCGT,C4,A1
Control,NTC_2,Elution_buffer,Negative,NA,NA,NA,TRUE,,,,,,,1,D4,FLD0028,GAGTGCATCT,D4,A1
Experiment_1,intest.cont. 9-col-epi,Colon,Pig9,Non_infected,Pig,NA,TRUE,,,,,,,1,E4,FLD0029,TGCGTAGTCG,E4,A1
Experiment_1,intest.cont. 3-ile-epi,Ileum,Pig3,Infected,Pig,NA,TRUE,,,,,,,1,F4,FLD0030,CTGTGTCGTC,F4,A1
Experiment_1,intest.cont. 7-cec-2,Cecum,Pig7,Non_infected,Pig,NA,TRUE,,,,,,,1,G4,FLD0031,CTGTAGTGCG,G4,A1
Experiment_2,intest.cont. P2-col-3,Colon,Pig11,Infected,Pig,NA,TRUE,,,,,,,1,H4,FLD0032,GTGCGCTAGT,H4,A1
Experiment_1,intest.cont. 8-jej-3,Jejunum,Pig8,Non_infected,Pig,NA,TRUE,,,,,,,1,A5,FLD0033,TGTGCTCGCA,A5,A1
Experiment_1,intest.cont. 2-duo-epi,Duodenum,Pig2,Infected,Pig,NA,TRUE,,,,,,,1,B5,FLD0034,GATGCGAGCT,B5,A1
Experiment_2,intest.cont. P3-col-2,Colon,Pig12,Infected,Pig,NA,TRUE,,,,,,,1,C5,FLD0035,CTGTACGTGA,C5,A1
Experiment_1,worm intest. 5-Asfem-1,Ascaris,Pig5,Worm,Ascaris,Female,TRUE,,,,,,,1,D5,FLD0036,GCGATGATGA,D5,A1
Experiment_1,intest.cont. 6-jej-2,Jejunum,Pig6,Non_infected,Pig,NA,TRUE,,,,,,,1,E5,FLD0037,TGTCGAGTCA,E5,A1
Experiment_1,intest.cont. 6-duo-epi,Duodenum,Pig6,Non_infected,Pig,NA,TRUE,,,,,,,1,F5,FLD0038,GTCTACTGTC,F5,A1
Experiment_2,worm intest. P1-Asfemale-1,Ascaris,Pig10,Worm,Ascaris,Female,TRUE,,,,,,,1,G5,FLD0039,CAGTCAGAGT,G5,A1
Experiment_1,intest.cont. 3-col-2,Colon,Pig3,Infected,Pig,NA,TRUE,,,,,,,1,H5,FLD0040,CGCAGTCTAT,H5,A1
Experiment_1,intest.cont. 3-jej-3,Jejunum,Pig3,Infected,Pig,NA,TRUE,,,,,,,1,A6,FLD0041,GTATGAGCAC,A6,A1
Experiment_1,intest.cont. 3-ile-1,Ileum,Pig3,Infected,Pig,NA,TRUE,,,,,,,1,B6,FLD0042,CGAGTGCTGT,B6,A1
Experiment_2,intest.cont. P4-jej-1,Jejunum,Pig13,Infected,Pig,NA,TRUE,,,,,,,1,C6,FLD0043,TATAGCACGC,C6,A1
Experiment_1,worm intest. 1-Asmale-1,Ascaris,Pig1,Worm,Ascaris,Male,TRUE,,,,,,,1,D6,FLD0044,TCATGCGCGA,D6,A1
Experiment_1,intest.cont. 9-jej-epi,Jejunum,Pig9,Non_infected,Pig,NA,TRUE,,,,,,,1,E6,FLD0045,TATGCGCTGC,E6,A1
Experiment_2,intest.cont. P5-jej-1,Jejunum,Pig14,Infected,Pig,NA,TRUE,,,,,,,1,F6,FLD0046,TCTCTGTGCA,F6,A1
Experiment_2,intest.cont. P5-Duo-3,Duodenum,Pig14,Infected,Pig,NA,TRUE,,,,,,,1,G6,FLD0047,CTATCGCGTG,G6,A1
Experiment_1,worm intest. 2-Asfem-3,Ascaris,Pig2,Worm,Ascaris,Female,TRUE,,,,,,,1,H6,FLD0048,TACGCTGCTG,H6,A1
Experiment_1,intest.cont. 6-col-1,Colon,Pig6,Non_infected,Pig,NA,TRUE,,,,,,,1,A7,FLD0049,CTGCATGATC,A7,A1
Experiment_1,intest.cont. 7-duo-epi,Duodenum,Pig7,Non_infected,Pig,NA,TRUE,,,,,,,1,B7,FLD0050,CGCGTATCAT,B7,A1
Experiment_1,intest.cont. 3-cec-epi,Cecum,Pig3,Infected,Pig,NA,TRUE,,,,,,,1,C7,FLD0051,GTATCTCTCG,C7,A1
Experiment_1,intest.cont. 5-col-1,Colon,Pig5,Infected,Pig,NA,TRUE,,,,,,,1,D7,FLD0052,GCTCATATGC,D7,A1
Experiment_1,intest.cont. 8-duo-2,Duodenum,Pig8,Non_infected,Pig,NA,TRUE,,,,,,,1,E7,FLD0053,CACTATGTCG,E7,A1
Slaughterhouse,Asfem-5,Ascaris,SH,Worm,Ascaris,Female,TRUE,,,,,,,1,F7,FLD0054,TAGCGCGTAG,F7,A1
Slaughterhouse,Asfem-10,Ascaris,SH,Worm,Ascaris,Female,TRUE,,,,,,,1,G7,FLD0055,CGTCACAGTA,G7,A1
Experiment_1,intest.cont. 2-duo-1,Duodenum,Pig2,Infected,Pig,NA,TRUE,,,,,,,1,H7,FLD0056,TCGCGTGAGA,H7,A1
Experiment_1,intest.cont. 7-jej-3,Jejunum,Pig7,Non_infected,Pig,NA,TRUE,,,,,,,1,A8,FLD0057,TACATCGCTG,A8,A1
Experiment_1,intest.cont. 9-ile-epi,Ileum,Pig9,Non_infected,Pig,NA,TRUE,,,,,,,1,B8,FLD0058,GTGAGAGACA,B8,A1
Experiment_2,intest.cont. P4-jej-2,Jejunum,Pig13,Infected,Pig,NA,TRUE,,,,,,,1,C8,FLD0059,GACTGTACGT,C8,A1
Experiment_1,intest.cont. 6-cec-1,Cecum,Pig6,Non_infected,Pig,NA,TRUE,,,,,,,1,D8,FLD0060,GCACGTAGCT,D8,A1
Experiment_2,worm intest. P4-Asfemale-3,Ascaris,Pig13,Worm,Ascaris,Female,TRUE,,,,,,,1,E8,FLD0061,TCACGCTATG,E8,A1
Experiment_2,intest.cont. P3-ile-1,Ileum,Pig12,Infected,Pig,NA,TRUE,,,,,,,1,F8,FLD0062,CGTACTACGT,F8,A1
Control,Mock_1,Mock_community,Positive,NA,NA,NA,TRUE,,,,,,,1,G8,FLD0063,CAGCTGAGTA,G8,A1
Experiment_2,intest.cont. P2-Duo-3,Duodenum,Pig11,Infected,Pig,NA,TRUE,,,,,,,1,H8,FLD0064,GAGATCAGTC,H8,A1
Experiment_1,intest.cont. 7-cec-1,Cecum,Pig7,Non_infected,Pig,NA,TRUE,,,,,,,1,A9,FLD0065,TACTGAGCTG,A9,A1
Experiment_1,intest.cont. 7-duo-2,Duodenum,Pig7,Non_infected,Pig,NA,TRUE,,,,,,,1,B9,FLD0066,TAGTAGCGCG,B9,A1
Experiment_1,intest.cont. 1-col-1,Colon,Pig1,Infected,Pig,NA,TRUE,,,,,,,1,C9,FLD0067,GACGTCTGCT,C9,A1
Experiment_1,intest.cont. 3-jej-1,Jejunum,Pig3,Infected,Pig,NA,TRUE,,,,,,,1,D9,FLD0068,GTACTCGCGA,D9,A1
Experiment_1,intest.cont. 4-jej-1,Jejunum,Pig4,Infected,Pig,NA,TRUE,,,,,,,1,E9,FLD0069,TCTGAGCGCA,E9,A1
Experiment_1,intest.cont. 1-ile-1,Ileum,Pig1,Infected,Pig,NA,TRUE,,,,,,,1,F9,FLD0070,TAGACGTGCT,F9,A1
Experiment_1,intest.cont. 9-cec-1,Cecum,Pig9,Non_infected,Pig,NA,TRUE,,,,,,,1,G9,FLD0071,GTGACTCGTC,G9,A1
Experiment_1,worm intest. 1-Asfem-3,Ascaris,Pig1,Worm,Ascaris,Female,TRUE,,,,,,,1,H9,FLD0072,TCGAGTAGCG,H9,A1
Slaughterhouse,Asmale-2,Ascaris,SH,Worm,Ascaris,Male,TRUE,,,,,,,1,A10,FLD0073,CGTATGATGT,A10,A1
Experiment_2,intest.cont. P5-ile-2,Ileum,Pig14,Infected,Pig,NA,TRUE,,,,,,,1,B10,FLD0074,TAGTCTGTCA,B10,A1
Experiment_1,intest.cont. 6-jej-epi,Jejunum,Pig6,Non_infected,Pig,NA,TRUE,,,,,,,1,C10,FLD0075,TGTCTCTATC,C10,A1
Experiment_1,intest.cont. 6-jej-3,Jejunum,Pig6,Non_infected,Pig,NA,TRUE,,,,,,,1,D10,FLD0076,CTAGAGTATC,D10,A1
Experiment_1,intest.cont. 4-cec-1,Cecum,Pig4,Infected,Pig,NA,TRUE,,,,,,,1,E10,FLD0077,TATCATGTGC,E10,A1
Experiment_1,intest.cont. 3-col-1,Colon,Pig3,Infected,Pig,NA,TRUE,,,,,,,1,F10,FLD0078,CATGAGTGTA,F10,A1
Control,Extraction_1,Water,Negative,NA,NA,NA,TRUE,,,,,,,1,G10,FLD0079,TGTCGTCATA,G10,A1
Experiment_1,intest.cont. 4-ile-1,Ileum,Pig4,Infected,Pig,NA,TRUE,,,,,,,1,H10,FLD0080,TATCTCATGC,H10,A1
Experiment_1,intest.cont. 4-duo-epi,Duodenum,Pig4,Infected,Pig,NA,TRUE,,,,,,,1,A11,FLD0081,TGTGTCACTA,A11,A1
Experiment_2,worm intest. P2-Asmale-1,Ascaris,Pig11,Worm,Ascaris,Male,TRUE,,,,,,,1,B11,FLD0082,TATCGATGCT,B11,A1
Experiment_2,intest.cont. P1-jej-3,Jejunum,Pig10,Infected,Pig,NA,TRUE,,,,,,,1,C11,FLD0083,TAGAGTCTGT,C11,A1
Slaughterhouse,Asmale-4,Ascaris,SH,Worm,Ascaris,Male,TRUE,,,,,,,1,D11,FLD0084,CATGCATCAT,D11,A1
Slaughterhouse,Asfem-9,Ascaris,SH,Worm,Ascaris,Female,TRUE,,,,,,,1,E11,FLD0085,TGATCAGTCA,E11,A1
Experiment_1,intest.cont. 8-jej-epi,Jejunum,Pig8,Non_infected,Pig,NA,TRUE,,,,,,,1,F11,FLD0086,CGTCTATGAT,F11,A1
Experiment_1,intest.cont. 9-col-1,Colon,Pig9,Non_infected,Pig,NA,TRUE,,,,,,,1,G11,FLD0087,GTGATACTGA,G11,A1
Experiment_1,intest.cont. 2-jej-1,Jejunum,Pig2,Infected,Pig,NA,TRUE,,,,,,,1,H11,FLD0088,CTAGATCTGA,H11,A1
Experiment_1,intest.cont. 9-jej-1,Jejunum,Pig9,Non_infected,Pig,NA,TRUE,,,,,,,1,A12,FLD0089,TATCAGTCTG,A12,A1
Experiment_2,intest.cont. P4-cec-3,Cecum,Pig13,Infected,Pig,NA,TRUE,,,,,,,1,B12,FLD0090,TCAGATGCTA,B12,A1
Slaughterhouse,Asfem-6,Ascaris,SH,Worm,Ascaris,Female,TRUE,,,,,,,1,C12,FLD0091,TATGTACGTG,C12,A1
Experiment_1,intest.cont. 6-ile-1,Ileum,Pig6,Non_infected,Pig,NA,TRUE,,,,,,,1,D12,FLD0092,CTATACAGTG,D12,A1
Experiment_1,intest.cont. 7-duo-1,Duodenum,Pig7,Non_infected,Pig,NA,TRUE,,,,,,,1,E12,FLD0093,TGATACTCTG,E12,A1
Experiment_1,intest.cont. 8-cec-epi,Cecum,Pig8,Non_infected,Pig,NA,TRUE,,,,,,,1,F12,FLD0094,TCAGCGATAT,F12,A1
Experiment_1,worm intest. 1-Asfem-2,Ascaris,Pig1,Worm,Ascaris,Female,TRUE,,,,,,,1,G12,FLD0095,CTACTGATGA,G12,A1
Experiment_2,intest.cont. P3-ile-2,Ileum,Pig12,Infected,Pig,NA,TRUE,,,,,,,1,H12,FLD0096,GTAGTACACA,H12,A1
Experiment_1,intest.cont. 2-cec-1,Cecum,Pig2,Infected,Pig,NA,TRUE,,,,,,,2,A1,FLD0097,TGCTACATCA,A1,A2
Control,Extraction_3,Water,Negative,NA,NA,NA,TRUE,,,,,,,2,B1,FLD0098,AGTGTGTCTA,B1,A2
Experiment_1,intest.cont. 6-cec-epi,Cecum,Pig6,Non_infected,Pig,NA,TRUE,,,,,,,2,C1,FLD0099,TCATATCGCG,C1,A2
Experiment_2,intest.cont. P1-col-2,Colon,Pig10,Infected,Pig,NA,TRUE,,,,,,,2,D1,FLD0100,TACGTATAGC,D1,A2
Experiment_1,intest.cont. 5-duo-epi,Duodenum,Pig5,Infected,Pig,NA,TRUE,,,,,,,2,E1,FLD0101,CAGCTATAGC,E1,A2
Experiment_1,intest.cont. 9-duo-1,Duodenum,Pig9,Non_infected,Pig,NA,TRUE,,,,,,,2,F1,FLD0102,TCGATGCGCT,F1,A2
Experiment_1,intest.cont. 9-duo-epi,Duodenum,Pig9,Non_infected,Pig,NA,TRUE,,,,,,,2,G1,FLD0103,GCACGCGTAT,G1,A2
Experiment_1,intest.cont. 4-cec-epi,Cecum,Pig4,Infected,Pig,NA,TRUE,,,,,,,2,H1,FLD0104,GCAGTATGCG,H1,A2
Experiment_2,worm intest. P1-Asmale-1,Ascaris,Pig10,Worm,Ascaris,Male,TRUE,,,,,,,2,A2,FLD0105,TGATAGAGAG,A2,A2
Experiment_2,intest.cont. P4-col-3,Colon,Pig13,Infected,Pig,NA,TRUE,,,,,,,2,B2,FLD0106,GCTACTAGCG,B2,A2
Experiment_1,intest.cont. 3-col-epi,Colon,Pig3,Infected,Pig,NA,TRUE,,,,,,,2,C2,FLD0107,TGCGAGACGT,C2,A2
Experiment_1,intest.cont. 7-jej-epi,Jejunum,Pig7,Non_infected,Pig,NA,TRUE,,,,,,,2,D2,FLD0108,CGATGACAGA,D2,A2
Experiment_1,intest.cont. 4-duo-1,Duodenum,Pig4,Infected,Pig,NA,TRUE,,,,,,,2,E2,FLD0109,GACTCATGCT,E2,A2
Slaughterhouse,Asmale-8,Ascaris,SH,Worm,Ascaris,Male,TRUE,,,,,,,2,F2,FLD0110,GTCTGATACG,F2,A2
Experiment_2,intest.cont. P3-col-3,Colon,Pig12,Infected,Pig,NA,TRUE,,,,,,,2,G2,FLD0111,ACTAGCTGTC,G2,A2
Experiment_1,intest.cont. 6-duo-2,Duodenum,Pig6,Non_infected,Pig,NA,TRUE,,,,,,,2,H2,FLD0112,GCGTAGACGA,H2,A2
Experiment_1,intest.cont. 3-jej-epi,Jejunum,Pig3,Infected,Pig,NA,TRUE,,,,,,,2,A3,FLD0113,CTCAGCAGTG,A3,A2
Experiment_2,worm intest. P3-Asmale-3,Ascaris,Pig12,Worm,Ascaris,Male,TRUE,,,,,,,2,B3,FLD0114,CAGTCTACAT,B3,A2
Experiment_1,intest.cont. 9-cec-epi,Cecum,Pig9,Non_infected,Pig,NA,TRUE,,,,,,,2,C3,FLD0115,TACTGCAGCG,C3,A2
Experiment_1,intest.cont. 4-jej-2,Jejunum,Pig4,Infected,Pig,NA,TRUE,,,,,,,2,D3,FLD0116,TACACAGTAG,D3,A2
Experiment_2,intest.cont. P4-cec-1,Cecum,Pig13,Infected,Pig,NA,TRUE,,,,,,,2,E3,FLD0117,CACATACAGT,E3,A2
Experiment_1,intest.cont. 9-ile-1,Ileum,Pig9,Non_infected,Pig,NA,TRUE,,,,,,,2,F3,FLD0118,CACAGTGATG,F3,A2
Experiment_2,worm intest. P4-Asfemale-2,Ascaris,Pig13,Worm,Ascaris,Female,TRUE,,,,,,,2,G3,FLD0119,CGAGCTAGCA,G3,A2
Experiment_1,intest.cont. 2-cec-epi,Cecum,Pig2,Infected,Pig,NA,TRUE,,,,,,,2,H3,FLD0120,GAGACTATGC,H3,A2
Experiment_2,intest.cont. P5-ile-1,Ileum,Pig14,Infected,Pig,NA,TRUE,,,,,,,2,A4,FLD0121,CAGAGCTAGT,A4,A2
Experiment_1,intest.cont. 8-col-epi,Colon,Pig8,Non_infected,Pig,NA,TRUE,,,,,,,2,B4,FLD0122,CGCAGAGCAT,B4,A2
Experiment_2,intest.cont. P5-jej-3,Jejunum,Pig14,Infected,Pig,NA,TRUE,,,,,,,2,C4,FLD0123,TGTACAGCGA,C4,A2
Experiment_2,intest.cont. P1-ile-3,Ileum,Pig10,Infected,Pig,NA,TRUE,,,,,,,2,D4,FLD0124,ACGTCAGTAT,D4,A2
Slaughterhouse,Asfem-4,Ascaris,SH,Worm,Ascaris,Female,TRUE,,,,,,,2,E4,FLD0125,TCACAGCATA,E4,A2
Experiment_1,worm intest. 3-Asmale-2,Ascaris,Pig3,Worm,Ascaris,Male,TRUE,,,,,,,2,F4,FLD0126,ACTGCGTGTC,F4,A2
Experiment_1,intest.cont. 8-duo-1,Duodenum,Pig8,Non_infected,Pig,NA,TRUE,,,,,,,2,G4,FLD0127,CGATCGACTG,G4,A2
Experiment_1,worm intest. 3-Asmale-1,Ascaris,Pig3,Worm,Ascaris,Male,TRUE,,,,,,,2,H4,FLD0128,GCGAGATGTA,H4,A2
Experiment_1,intest.cont. 9-duo-2,Duodenum,Pig9,Non_infected,Pig,NA,TRUE,,,,,,,2,A5,FLD0129,CTGATGCAGA,A5,A2
Experiment_2,intest.cont. P1-col-1,Colon,Pig10,Infected,Pig,NA,TRUE,,,,,,,2,B5,FLD0130,GTGACGTACG,B5,A2
Experiment_1,worm intest. 2-Asmale-4,Ascaris,Pig2,Worm,Ascaris,Male,TRUE,,,,,,,2,C5,FLD0131,CGACGCTGAT,C5,A2
Experiment_1,intest.cont. 5-jej-2,Jejunum,Pig5,Infected,Pig,NA,TRUE,,,,,,,2,D5,FLD0132,CTACGATCAG,D5,A2
Experiment_1,intest.cont. 2-col-epi,Colon,Pig2,Infected,Pig,NA,TRUE,,,,,,,2,E5,FLD0133,GCACTAGACA,E5,A2
Experiment_1,intest.cont. 7-col-2,Colon,Pig7,Non_infected,Pig,NA,TRUE,,,,,,,2,F5,FLD0134,CTAGCAGATG,F5,A2
Experiment_2,intest.cont. P1-Duo-2,Duodenum,Pig10,Infected,Pig,NA,TRUE,,,,,,,2,G5,FLD0135,CATGATACGC,G5,A2
Experiment_2,intest.cont. P2-ile-2,Ileum,Pig11,Infected,Pig,NA,TRUE,,,,,,,2,H5,FLD0136,GCAGCTGTCA,H5,A2
Experiment_1,intest.cont. 7-col-1,Colon,Pig7,Non_infected,Pig,NA,TRUE,,,,,,,2,A6,FLD0137,ACGTATCATC,A6,A2
Experiment_1,intest.cont. 4-jej-epi,Jejunum,Pig4,Infected,Pig,NA,TRUE,,,,,,,2,B6,FLD0138,AGTATCGTAC,B6,A2
Experiment_1,worm intest. 3-Asfem-3,Ascaris,Pig3,Worm,Ascaris,Female,TRUE,,,,,,,2,C6,FLD0139,GATACACTGA,C6,A2
Experiment_2,worm intest. P3-Asfemale-2,Ascaris,Pig12,Worm,Ascaris,Female,TRUE,,,,,,,2,D6,FLD0140,GACTAGTCAG,D6,A2
Experiment_1,intest.cont. 8-cec-1,Cecum,Pig8,Non_infected,Pig,NA,TRUE,,,,,,,2,E6,FLD0141,GATGACTACG,E6,A2
Experiment_2,intest.cont. P3-cec-3,Cecum,Pig12,Infected,Pig,NA,TRUE,,,,,,,2,F6,FLD0142,CAGAGAGTCA,F6,A2
Control,Extraction_4,Water,Negative,NA,NA,NA,TRUE,,,,,,,2,G6,FLD0143,TCGATCGACA,G6,A2
Experiment_1,intest.cont. 7-jej-2,Jejunum,Pig7,Non_infected,Pig,NA,TRUE,,,,,,,2,H6,FLD0144,ACTGATGTAG,H6,A2
Experiment_2,intest.cont. P4-col-2,Colon,Pig13,Infected,Pig,NA,TRUE,,,,,,,2,A7,FLD0145,ACTCGATAGT,A7,A2
Experiment_2,intest.cont. P3-Duo-1,Duodenum,Pig12,Infected,Pig,NA,TRUE,,,,,,,2,B7,FLD0146,GACGATCGCA,B7,A2
Experiment_2,worm intest. P5-Asmale-2,Ascaris,Pig14,Worm,Ascaris,Male,TRUE,,,,,,,2,C7,FLD0147,TCATCATGCG,C7,A2
Experiment_1,intest.cont. 2-jej-4,Jejunum,Pig2,Infected,Pig,NA,TRUE,,,,,,,2,D7,FLD0148,ACATGTCTGA,D7,A2
Experiment_1,intest.cont. 7-col-epi,Colon,Pig7,Non_infected,Pig,NA,TRUE,,,,,,,2,E7,FLD0149,AGTCATCGCA,E7,A2
Experiment_1,worm intest. 3-Asmale-4,Ascaris,Pig3,Worm,Ascaris,Male,TRUE,,,,,,,2,F7,FLD0150,TAGCATACAG,F7,A2
Experiment_1,intest.cont. 4-cec-2,Cecum,Pig4,Infected,Pig,NA,TRUE,,,,,,,2,G7,FLD0151,AGAGTCGCGT,G7,A2
Experiment_2,intest.cont. P2-col-2,Colon,Pig11,Infected,Pig,NA,TRUE,,,,,,,2,H7,FLD0152,TCTACGACAT,H7,A2
Experiment_1,intest.cont. 1-jej-1,Jejunum,Pig1,Infected,Pig,NA,TRUE,,,,,,,2,A8,FLD0153,CACGAGATGA,A8,A2
Experiment_2,intest.cont. P1-Duo-1,Duodenum,Pig10,Infected,Pig,NA,TRUE,,,,,,,2,B8,FLD0154,ACGCACATAT,B8,A2
Control,NTC_3,Elution_buffer,Negative,NA,NA,NA,TRUE,,,,,,,2,C8,FLD0155,ACGTGCTCTG,C8,A2
Experiment_1,intest.cont. 3-cec-2,Cecum,Pig3,Infected,Pig,NA,TRUE,,,,,,,2,D8,FLD0156,ACGATCACAT,D8,A2
Experiment_1,worm intest. 2-Asfem-2,Ascaris,Pig2,Worm,Ascaris,Female,TRUE,,,,,,,2,E8,FLD0157,AGTGTACTCA,E8,A2
Experiment_1,intest.cont. 2-col-1,Colon,Pig2,Infected,Pig,NA,TRUE,,,,,,,2,F8,FLD0158,TGATGTATGT,F8,A2
Control,NTC_4,Elution_buffer,Negative,NA,NA,NA,TRUE,,,,,,,2,G8,FLD0159,GATATATGTC,G8,A2
Experiment_2,worm intest. P2-Asfemale-1,Ascaris,Pig11,Worm,Ascaris,Female,TRUE,,,,,,,2,H8,FLD0160,TAGTACTAGA,H8,A2
Experiment_2,intest.cont. P1-Duo-3,Duodenum,Pig10,Infected,Pig,NA,TRUE,,,,,,,2,A9,FLD0161,TATAGAGATC,A9,A2
Experiment_1,intest.cont. 3-duo-2,Duodenum,Pig3,Infected,Pig,NA,TRUE,,,,,,,2,B9,FLD0162,TCGATATCTA,B9,A2
Experiment_1,intest.cont. 3-cec-3,Cecum,Pig3,Infected,Pig,NA,TRUE,,,,,,,2,C9,FLD0163,TACATGATAG,C9,A2
Experiment_1,intest.cont. 2-jej-epi,Jejunum,Pig2,Infected,Pig,NA,TRUE,,,,,,,2,D9,FLD0164,TGAGATCATA,D9,A2
Experiment_2,worm intest. P2-Asmale-2,Ascaris,Pig11,Worm,Ascaris,Male,TRUE,,,,,,,2,E9,FLD0165,CTACATACTA,E9,A2
Experiment_1,intest.cont. 2-col-2,Colon,Pig2,Infected,Pig,NA,TRUE,,,,,,,2,F9,FLD0166,ATCAGTGTAT,F9,A2
Experiment_1,worm intest. 2-Asmale-2,Ascaris,Pig2,Worm,Ascaris,Male,TRUE,,,,,,,2,G9,FLD0167,ATCATATCTC,G9,A2
Experiment_1,intest.cont. 3-duo-1,Duodenum,Pig3,Infected,Pig,NA,TRUE,,,,,,,2,H9,FLD0168,AGTAGATCAT,H9,A2
Experiment_1,intest.cont. 7-ile-epi,Ileum,Pig7,Non_infected,Pig,NA,TRUE,,,,,,,2,A10,FLD0169,ACATAGTATC,A10,A2
Experiment_2,intest.cont. P4-jej-3,Jejunum,Pig13,Infected,Pig,NA,TRUE,,,,,,,2,B10,FLD0170,ATGTATAGTC,B10,A2
Slaughterhouse,Asmale-6,Ascaris,SH,Worm,Ascaris,Male,TRUE,,,,,,,2,C10,FLD0171,ACAGTCATAT,C10,A2
Experiment_1,intest.cont. 4-jej-3,Jejunum,Pig4,Infected,Pig,NA,TRUE,,,,,,,2,D10,FLD0172,ACATATACGT,D10,A2
Experiment_2,worm intest. P1-Asfemale-3,Ascaris,Pig10,Worm,Ascaris,Female,TRUE,,,,,,,2,E10,FLD0173,AGCATCTATA,E10,A2
Experiment_1,worm intest. 2-Asmale-3,Ascaris,Pig2,Worm,Ascaris,Male,TRUE,,,,,,,2,F10,FLD0174,AGACTATATC,F10,A2
Experiment_2,intest.cont. P4-Duo-3,Duodenum,Pig13,Infected,Pig,NA,TRUE,,,,,,,2,G10,FLD0175,CAGCATCTAG,G10,A2
Experiment_1,intest.cont. 1-jej-2,Jejunum,Pig1,Infected,Pig,NA,TRUE,,,,,,,2,H10,FLD0176,CGAGACGACA,H10,A2
Experiment_2,worm intest. P5-Asfemale-1,Ascaris,Pig14,Worm,Ascaris,Female,TRUE,,,,,,,2,A11,FLD0177,ATCACTCATA,A11,A2
Experiment_1,intest.cont. 2-jej-2,Jejunum,Pig2,Infected,Pig,NA,TRUE,,,,,,,2,B11,FLD0178,AGCTCTGTGA,B11,A2
Experiment_2,intest.cont. P5-jej-2,Jejunum,Pig14,Infected,Pig,NA,TRUE,,,,,,,2,C11,FLD0179,ATGTCATGCT,C11,A2
Experiment_1,intest.cont. 6-duo-1,Duodenum,Pig6,Non_infected,Pig,NA,TRUE,,,,,,,2,D11,FLD0180,GCTGACAGAG,D11,A2
Experiment_2,intest.cont. P3-col-1,Colon,Pig12,Infected,Pig,NA,TRUE,,,,,,,2,E11,FLD0181,ATACAGTCTC,E11,A2
Experiment_2,worm intest. P1-Asfemale-2,Ascaris,Pig10,Worm,Ascaris,Female,TRUE,,,,,,,2,F11,FLD0182,CATAGACGTG,F11,A2
Control,Mock_2,Mock_community,Positive,NA,NA,NA,TRUE,,,,,,,2,G11,FLD0183,AGAGATATCA,G11,A2
Experiment_1,intest.cont. 9-col-2,Colon,Pig9,Non_infected,Pig,NA,TRUE,,,,,,,2,H11,FLD0184,ATGCTGCGCT,H11,A2
Experiment_1,intest.cont. 4-ile-epi,Ileum,Pig4,Infected,Pig,NA,TRUE,,,,,,,2,A12,FLD0185,AGTCAGACGC,A12,A2
Slaughterhouse,Asmale-3,Ascaris,SH,Worm,Ascaris,Male,TRUE,,,,,,,2,B12,FLD0186,ACGATACACT,B12,A2
Experiment_2,intest.cont. P2-col-1,Colon,Pig11,Infected,Pig,NA,TRUE,,,,,,,2,C12,FLD0187,AGCGAGTATG,C12,A2
Experiment_2,intest.cont. P4-Duo-2,Duodenum,Pig13,Infected,Pig,NA,TRUE,,,,,,,2,D12,FLD0188,ATCGCTACAT,D12,A2
Experiment_2,intest.cont. P2-cec-2,Cecum,Pig11,Infected,Pig,NA,TRUE,,,,,,,2,E12,FLD0189,ATGCTAGAGA,E12,A2
Experiment_1,intest.cont. 4-col-epi,Colon,Pig4,Infected,Pig,NA,TRUE,,,,,,,2,F12,FLD0190,AGCAGTACTC,F12,A2
Experiment_2,worm intest. P4-Asmale-1,Ascaris,Pig13,Worm,Ascaris,Male,TRUE,,,,,,,2,G12,FLD0191,ATCTAGATCA,G12,A2
Experiment_1,intest.cont. 2-cec-2,Cecum,Pig2,Infected,Pig,NA,TRUE,,,,,,,2,H12,FLD0192,ATCGCATAGA,H12,A2
Experiment_2,intest.cont. P2-jej-1,Jejunum,Pig11,Infected,Pig,NA,TRUE,,,,,,,3,B1,FLD0194,GTGTGGTTGT,B1,A3
Experiment_1,intest.cont. 3-duo-epi,Duodenum,Pig3,Infected,Pig,NA,TRUE,,,,,,,3,C1,FLD0195,TAGGTGGAAT,C1,A3
Experiment_2,intest.cont. P3-Duo-3,Duodenum,Pig12,Infected,Pig,NA,TRUE,,,,,,,3,D1,FLD0196,TGTAGGTGGA,D1,A3
Experiment_2,intest.cont. P1-jej-1,Jejunum,Pig10,Infected,Pig,NA,TRUE,,,,,,,3,E1,FLD0197,TTAGTGGTGA,E1,A3
Experiment_1,intest.cont. 5-cec-2,Cecum,Pig5,Infected,Pig,NA,TRUE,,,,,,,3,F1,FLD0198,GTGAAGGTAA,F1,A3
Experiment_2,intest.cont. P5-cec-1,Cecum,Pig14,Infected,Pig,NA,TRUE,,,,,,,3,G1,FLD0199,TGTTGTGGTA,G1,A3
Control,Extraction_6,Water,Negative,NA,NA,NA,TRUE,,,,,,,3,H1,FLD0200,GTTGATGAGT,H1,A3
Experiment_2,intest.cont. P5-Duo-1,Duodenum,Pig14,Infected,Pig,NA,TRUE,,,,,,,3,A2,FLD0201,GGTCAGTGTA,A2,A3
Experiment_1,worm intest. 3-Asmale-3,Ascaris,Pig3,Worm,Ascaris,Male,TRUE,,,,,,,3,B2,FLD0202,GTAATGGAGT,B2,A3
Experiment_1,intest.cont. 8-col-1,Colon,Pig8,Non_infected,Pig,NA,TRUE,,,,,,,3,C2,FLD0203,CTCGTTATTC,C2,A3
Experiment_1,intest.cont. 5-Ile-1,Ileum,Pig5,Infected,Pig,NA,TRUE,,,,,,,3,D2,FLD0204,GGAAGTAAGG,D2,A3
Experiment_1,intest.cont. 4-col-1,Colon,Pig4,Infected,Pig,NA,TRUE,,,,,,,3,E2,FLD0205,CGGTGTGTGT,E2,A3
Experiment_2,worm intest. P1-Asmale-2,Ascaris,Pig10,Worm,Ascaris,Male,TRUE,,,,,,,3,F2,FLD0206,CGTCTTCTTA,F2,A3
Experiment_2,intest.cont. P4-cec-2,Cecum,Pig13,Infected,Pig,NA,TRUE,,,,,,,3,G2,FLD0207,TGTGAATCTC,G2,A3
Slaughterhouse,Asmale-1,Ascaris,SH,Worm,Ascaris,Male,TRUE,,,,,,,3,H2,FLD0208,CTAATCGTGT,H2,A3
Experiment_2,intest.cont. P1-ile-2,Ileum,Pig10,Infected,Pig,NA,TRUE,,,,,,,3,A3,FLD0209,CTCTTAGTTC,A3,A3
Experiment_1,intest.cont. 1-col-2,Colon,Pig1,Infected,Pig,NA,TRUE,,,,,,,3,B3,FLD0210,GGATAGGATC,B3,A3
Experiment_1,intest.cont. 9-jej-3,Jejunum,Pig9,Non_infected,Pig,NA,TRUE,,,,,,,3,C3,FLD0211,GGTGTCTTGT,C3,A3
Experiment_1,intest.cont. 6-cec-2,Cecum,Pig6,Non_infected,Pig,NA,TRUE,,,,,,,3,D3,FLD0212,GATGGTTGTA,D3,A3
Experiment_2,worm intest. P5-Asmale-1,Ascaris,Pig14,Worm,Ascaris,Male,TRUE,,,,,,,3,E3,FLD0213,CCTCGTTGTT,E3,A3
Experiment_1,intest.cont. 4-duo-2,Duodenum,Pig4,Infected,Pig,NA,TRUE,,,,,,,3,F3,FLD0214,GGTTGGAGTT,F3,A3
Experiment_1,worm intest. 3-Asfem-4,Ascaris,Pig3,Worm,Ascaris,Female,TRUE,,,,,,,3,G3,FLD0215,TGGTGTCCGT,G3,A3
Experiment_1,worm intest. 3-Asfem-1,Ascaris,Pig3,Worm,Ascaris,Female,TRUE,,,,,,,3,H3,FLD0216,CGTTAGCGTA,H3,A3
Slaughterhouse,Asmale-10,Ascaris,SH,Worm,Ascaris,Male,TRUE,,,,,,,3,A4,FLD0217,TACTAGGATC,A4,A3
Experiment_1,intest.cont. 6-jej-1,Jejunum,Pig6,Non_infected,Pig,NA,TRUE,,,,,,,3,B4,FLD0218,GTCTCAATGT,B4,A3
Experiment_1,intest.cont. 5-duo-2,Duodenum,Pig5,Infected,Pig,NA,TRUE,,,,,,,3,C4,FLD0219,GATGAGGTAT,C4,A3
Experiment_1,intest.cont. 8-duo-epi,Duodenum,Pig8,Non_infected,Pig,NA,TRUE,,,,,,,3,D4,FLD0220,GGTGTTAGTG,D4,A3
Experiment_1,intest.cont. 4-col-2,Colon,Pig4,Infected,Pig,NA,TRUE,,,,,,,3,E4,FLD0221,CATTCTCTGA,E4,A3
Slaughterhouse,Asfem-8,Ascaris,SH,Worm,Ascaris,Female,TRUE,,,,,,,3,F4,FLD0222,CATCTGGAGT,F4,A3
Experiment_2,worm intest. P3-Asfemale-3,Ascaris,Pig12,Worm,Ascaris,Female,TRUE,,,,,,,3,G4,FLD0223,GAATGGAAGA,G4,A3
Experiment_1,intest.cont. 5-jej-1,Jejunum,Pig5,Infected,Pig,NA,TRUE,,,,,,,3,H4,FLD0224,GGCTGTGATC,H4,A3
Experiment_2,intest.cont. P3-cec-1,Cecum,Pig12,Infected,Pig,NA,TRUE,,,,,,,3,A5,FLD0225,TGGTGCTGGA,A5,A3
Control,Extraction_5,Water,Negative,NA,NA,NA,TRUE,,,,,,,3,B5,FLD0226,TATGGTAAGG,B5,A3
Experiment_1,intest.cont. 5-col-epi,Colon,Pig5,Infected,Pig,NA,TRUE,,,,,,,3,C5,FLD0227,GTTCGATTGT,C5,A3
Experiment_1,intest.cont. 8-col-2,Colon,Pig8,Non_infected,Pig,NA,TRUE,,,,,,,3,D5,FLD0228,GGTAGAATGA,D5,A3
Experiment_2,intest.cont. P2-Duo-1,Duodenum,Pig11,Infected,Pig,NA,TRUE,,,,,,,3,E5,FLD0229,TTCTCATCGT,E5,A3
Experiment_2,intest.cont. P5-ile-3,Ileum,Pig14,Infected,Pig,NA,TRUE,,,,,,,3,F5,FLD0230,CTCAATCGTA,F5,A3
Experiment_2,intest.cont. P3-jej-1,Jejunum,Pig12,Infected,Pig,NA,TRUE,,,,,,,3,G5,FLD0231,CGCTAATGTA,G5,A3
Experiment_2,intest.cont. P2-Duo-2,Duodenum,Pig11,Infected,Pig,NA,TRUE,,,,,,,3,H5,FLD0232,GCGTCTGAAT,H5,A3
Experiment_1,intest.cont. 6-ile-epi,Ileum,Pig6,Non_infected,Pig,NA,TRUE,,,,,,,3,A6,FLD0233,TTCTGTTGCC,A6,A3
Experiment_2,intest.cont. P2-cec-1,Cecum,Pig11,Infected,Pig,NA,TRUE,,,,,,,3,B6,FLD0234,TTGTCCTTGC,B6,A3
Experiment_2,worm intest. P2-Asfemale-2,Ascaris,Pig11,Worm,Ascaris,Female,TRUE,,,,,,,3,C6,FLD0235,CCTGTGTAGA,C6,A3
Experiment_1,intest.cont. 1-Duo-2,Duodenum,Pig1,Infected,Pig,NA,TRUE,,,,,,,3,D6,FLD0236,GATAAGAAGG,D6,A3
Experiment_2,intest.cont. P1-jej-2,Jejunum,Pig10,Infected,Pig,NA,TRUE,,,,,,,3,E6,FLD0237,CAGGTCACAT,E6,A3
Experiment_1,intest.cont. 5-cec-epi,Cecum,Pig5,Infected,Pig,NA,TRUE,,,,,,,3,F6,FLD0238,GCCATGTCAT,F6,A3
Slaughterhouse,Asfem-1,Ascaris,SH,Worm,Ascaris,Female,TRUE,,,,,,,3,G6,FLD0239,TCTGCCTATA,G6,A3
Experiment_1,worm intest. 2-Asmale-1,Ascaris,Pig2,Worm,Ascaris,Male,TRUE,,,,,,,3,H6,FLD0240,CTTAGTTCGC,H6,A3
Experiment_2,intest.cont. P5-col-3,Colon,Pig14,Infected,Pig,NA,TRUE,,,,,,,3,A7,FLD0241,CGTAATGAGC,A7,A3
Experiment_1,intest.cont. 3-jej-2,Jejunum,Pig3,Infected,Pig,NA,TRUE,,,,,,,3,B7,FLD0242,TTGCTTAGTC,B7,A3
Experiment_2,intest.cont. P5-Duo-2,Duodenum,Pig14,Infected,Pig,NA,TRUE,,,,,,,3,C7,FLD0243,TCTTGTTCAC,C7,A3
Control,NTC_5,Elution_buffer,Negative,NA,NA,NA,TRUE,,,,,,,3,D7,FLD0244,GTGGCTTCGT,D7,A3
Experiment_1,intest.cont. 1-cec-3,Cecum,Pig1,Infected,Pig,NA,TRUE,,,,,,,3,E7,FLD0245,TGTTCGATAG,E7,A3
Experiment_2,intest.cont. P1-cec-3,Cecum,Pig10,Infected,Pig,NA,TRUE,,,,,,,3,F7,FLD0246,TCATTCAGTG,F7,A3
Experiment_1,worm intest. 1-Asfem-1,Ascaris,Pig1,Worm,Ascaris,Female,TRUE,,,,,,,3,G7,FLD0247,GTGGAGAGCT,G7,A3
Experiment_2,worm intest. P1-Asmale-3,Ascaris,Pig10,Worm,Ascaris,Male,TRUE,,,,,,,3,H7,FLD0248,GTAGAAGTGG,H7,A3
Slaughterhouse,Asmale-7,Ascaris,SH,Worm,Ascaris,Male,TRUE,,,,,,,3,A8,FLD0249,TGGAGCATGT,A8,A3
Control,Mock_3,Mock_community,Positive,NA,NA,NA,TRUE,,,,,,,3,B8,FLD0250,GAAGGAGATA,B8,A3
Experiment_2,intest.cont. P5-cec-3,Cecum,Pig14,Infected,Pig,NA,TRUE,,,,,,,3,C8,FLD0251,CGAATGTATG,C8,A3
Experiment_2,intest.cont. P3-cec-2,Cecum,Pig12,Infected,Pig,NA,TRUE,,,,,,,3,D8,FLD0252,TCGTGAATGA,D8,A3
Slaughterhouse,Asfem-3,Ascaris,SH,Worm,Ascaris,Female,TRUE,,,,,,,3,E8,FLD0253,GAATAGCTGA,E8,A3
Experiment_1,intest.cont. 7-jej-1,Jejunum,Pig7,Non_infected,Pig,NA,TRUE,,,,,,,3,F8,FLD0254,TTGTCACATC,F8,A3
Experiment_1,worm intest. 2-Asfem-1,Ascaris,Pig2,Worm,Ascaris,Female,TRUE,,,,,,,3,G8,FLD0255,CTGGAGGCTA,G8,A3
Experiment_2,worm intest. P3-Asfemale-1,Ascaris,Pig12,Worm,Ascaris,Female,TRUE,,,,,,,3,H8,FLD0256,TGTCAGCTTA,H8,A3
Experiment_1,intest.cont. 5-duo-1,Duodenum,Pig5,Infected,Pig,NA,TRUE,,,,,,,3,A9,FLD0257,GTTCTTCGTA,A9,A3
Experiment_2,intest.cont. P1-cec-1,Cecum,Pig10,Infected,Pig,NA,TRUE,,,,,,,3,B9,FLD0258,TTACACGTTC,B9,A3
Experiment_2,intest.cont. P3-jej-3,Jejunum,Pig12,Infected,Pig,NA,TRUE,,,,,,,3,C9,FLD0259,GTAGCCAGTA,C9,A3
Experiment_1,worm intest. 3-Asfem-2,Ascaris,Pig3,Worm,Ascaris,Female,TRUE,,,,,,,3,D9,FLD0260,TGAGAAGGTA,D9,A3
Experiment_1,intest.cont. 9-jej-2,Jejunum,Pig9,Non_infected,Pig,NA,TRUE,,,,,,,3,E9,FLD0261,CCATATGATC,E9,A3
Experiment_1,intest.cont. 5-cec-1,Cecum,Pig5,Infected,Pig,NA,TRUE,,,,,,,3,F9,FLD0262,CGATCCTATA,F9,A3
Experiment_2,intest.cont. P2-ile-3,Ileum,Pig11,Infected,Pig,NA,TRUE,,,,,,,3,G9,FLD0263,TGACTAGCTT,G9,A3
Experiment_2,intest.cont. P3-ile-3,Ileum,Pig12,Infected,Pig,NA,TRUE,,,,,,,3,H9,FLD0264,TAACTCTGCT,H9,A3
Experiment_1,intest.cont. 8-jej-1,Jejunum,Pig8,Non_infected,Pig,NA,TRUE,,,,,,,3,A10,FLD0265,TCGAATGTGC,A10,A3
Experiment_2,intest.cont. P4-Duo-1,Duodenum,Pig13,Infected,Pig,NA,TRUE,,,,,,,3,B10,FLD0266,TCGCTGAACA,B10,A3
Experiment_2,intest.cont. P4-col-1,Colon,Pig13,Infected,Pig,NA,TRUE,,,,,,,3,C10,FLD0267,GCGTTATTGC,C10,A3
Experiment_1,intest.cont. 1-col-epi,Colon,Pig1,Infected,Pig,NA,TRUE,,,,,,,3,D10,FLD0268,GAACTATCAC,D10,A3
Experiment_1,intest.cont. 1-ile-epi,Ileum,Pig1,Infected,Pig,NA,TRUE,,,,,,,3,E10,FLD0269,TCGAGGTACT,E10,A3
Experiment_2,intest.cont. P1-col-3,Colon,Pig10,Infected,Pig,NA,TRUE,,,,,,,3,F10,FLD0270,TGCGGATGGT,F10,A3
Experiment_1,intest.cont. 1-cec-epi,Cecum,Pig1,Infected,Pig,NA,TRUE,,,,,,,3,G10,FLD0271,TTCGAGCTAT,G10,A3
Experiment_2,worm intest. P2-Asmale-3,Ascaris,Pig11,Worm,Ascaris,Male,TRUE,,,,,,,3,H10,FLD0272,GGTCTGGTGT,H10,A3
Experiment_1,intest.cont. 3-cec-1,Cecum,Pig3,Infected,Pig,NA,TRUE,,,,,,,3,A11,FLD0273,CTAAGTCATG,A11,A3
Experiment_1,intest.cont. 1-cec-1,Cecum,Pig1,Infected,Pig,NA,TRUE,,,,,,,3,B11,FLD0274,TTGCAGATCA,B11,A3
Experiment_2,intest.cont. P2-cec-3,Cecum,Pig11,Infected,Pig,NA,TRUE,,,,,,,3,C11,FLD0275,CTGCGAATGT,C11,A3
Experiment_2,intest.cont. P2-ile-1,Ileum,Pig11,Infected,Pig,NA,TRUE,,,,,,,3,D11,FLD0276,CTGTTCTAGC,D11,A3
Experiment_1,intest.cont. 6-col-epi,Colon,Pig6,Non_infected,Pig,NA,TRUE,,,,,,,3,E11,FLD0277,CACTTGTGTG,E11,A3
Experiment_1,intest.cont. 8-cec-2,Cecum,Pig8,Non_infected,Pig,NA,TRUE,,,,,,,3,F11,FLD0278,TGGATGACAT,F11,A3
Experiment_1,intest.cont. 5-col-2,Colon,Pig5,Infected,Pig,NA,TRUE,,,,,,,3,G11,FLD0279,GATCCTGAGC,G11,A3
Experiment_1,worm intest. 1-Asmale-2,Ascaris,Pig1,Worm,Ascaris,Male,TRUE,,,,,,,3,H11,FLD0280,GTCGGTCTGA,H11,A3
Slaughterhouse,Asfem-2,Ascaris,SH,Worm,Ascaris,Female,TRUE,,,,,,,3,A12,FLD0281,TGTTACGATC,A12,A3
Experiment_2,worm intest. P5-Asfemale-2,Ascaris,Pig14,Worm,Ascaris,Female,TRUE,,,,,,,3,B12,FLD0282,GTCTTGGCTC,B12,A3
Control,NTC_6,Elution_buffer,Negative,NA,NA,NA,TRUE,,,,,,,3,C12,FLD0283,GGTCGTGCAT,C12,A3
Experiment_1,worm intest. 3-Asfem-5,Ascaris,Pig3,Worm,Ascaris,Female,TRUE,,,,,,,3,D12,FLD0284,CAGGCTCAGT,D12,A3
